{"cameraMode":{"drawMode":0,"name":"Shaded","section":"Shading Mode"},"sceneLighting":true,"audioPlay":false,"sceneViewState":{"m_AlwaysRefresh":false,"showFog":true,"showSkybox":true,"showFlares":true,"showImageEffects":true,"showParticleSystems":true,"showVisualEffectGraphs":true,"m_FxEnabled":false},"in2DMode":false,"pivot":{"x":5.387899398803711,"y":-1.0740118026733399,"z":0.2956075668334961},"rotation":{"x":0.24857433140277863,"y":0.25937074422836306,"z":-0.06927629560232163,"w":0.9306674599647522},"size":13.718436241149903,"orthographic":false}